{"1.png1561397":{"filename":"1.png","size":1561397,"regions":[{"shape_attributes":{"name":"polygon","all_points_x":[327,321,2049,2049],"all_points_y":[39,1759,1751,33]},"region_attributes":{"name":"not_defined","type":"chess_board","image_quality":{"good":true,"frontal":true,"good_illumination":true}}}],"file_attributes":{"caption":"","public_domain":"no","image_url":""}},"2.png1650478":{"filename":"2.png","size":1650478,"regions":[{"shape_attributes":{"name":"polygon","all_points_x":[535,535,535,1525,1525],"all_points_y":[212,209,1195,1195,200]},"region_attributes":{"name":"not_defined","type":"chess_board","image_quality":{"good":true,"frontal":true,"good_illumination":true}}}],"file_attributes":{"caption":"","public_domain":"no","image_url":""}},"3.png1579874":{"filename":"3.png","size":1579874,"regions":[{"shape_attributes":{"name":"polygon","all_points_x":[373,375,1638,1641],"all_points_y":[291,1553,1556,291]},"region_attributes":{"name":"not_defined","type":"cup","image_quality":{"good":true,"frontal":true,"good_illumination":true}}}],"file_attributes":{"caption":"","public_domain":"no","image_url":""}},"4.png1646439":{"filename":"4.png","size":1646439,"regions":[{"shape_attributes":{"name":"polygon","all_points_x":[375,375,1641,1641],"all_points_y":[293,1558,1556,291]},"region_attributes":{"name":"not_defined","type":"chess_board","image_quality":{"good":true,"frontal":true,"good_illumination":true}}}],"file_attributes":{"caption":"","public_domain":"no","image_url":""}},"5.png628977":{"filename":"5.png","size":628977,"regions":[{"shape_attributes":{"name":"polygon","all_points_x":[378,375,1643,1641],"all_points_y":[293,1556,1556,288]},"region_attributes":{"name":"not_defined","type":"chess_board","image_quality":{"good":true,"frontal":true,"good_illumination":true}}}],"file_attributes":{"caption":"","public_domain":"no","image_url":""}},"6.png1435427":{"filename":"6.png","size":1435427,"regions":[{"shape_attributes":{"name":"polygon","all_points_x":[373,373,1646,1641],"all_points_y":[291,1553,1556,288]},"region_attributes":{"name":"not_defined","type":"chess_board","image_quality":{"good":true,"frontal":true,"good_illumination":true}}}],"file_attributes":{"caption":"","public_domain":"no","image_url":""}},"7.png433292":{"filename":"7.png","size":433292,"regions":[{"shape_attributes":{"name":"polygon","all_points_x":[375,373,1646,1638],"all_points_y":[293,1556,1556,288]},"region_attributes":{"name":"not_defined","type":"chess_board","image_quality":{"good":true,"frontal":true,"good_illumination":true}}}],"file_attributes":{"caption":"","public_domain":"no","image_url":""}},"8.png1398998":{"filename":"8.png","size":1398998,"regions":[{"shape_attributes":{"name":"polygon","all_points_x":[373,373,1646,1641],"all_points_y":[293,1556,1556,285]},"region_attributes":{"name":"not_defined","type":"chess_board","image_quality":{"good":true,"frontal":true,"good_illumination":true}}}],"file_attributes":{"caption":"","public_domain":"no","image_url":""}},"9.png714469":{"filename":"9.png","size":714469,"regions":[{"shape_attributes":{"name":"polygon","all_points_x":[386,386,1808,1800],"all_points_y":[134,1543,1543,131]},"region_attributes":{"name":"not_defined","type":"chess_board","image_quality":{"good":true,"frontal":true,"good_illumination":true}}}],"file_attributes":{"caption":"","public_domain":"no","image_url":""}},"10.png1359696":{"filename":"10.png","size":1359696,"regions":[{"shape_attributes":{"name":"polygon","all_points_x":[579,579,1625,1623],"all_points_y":[345,1386,1383,334]},"region_attributes":{"name":"not_defined","type":"chess_board","image_quality":{"good":true,"frontal":true,"good_illumination":true}}}],"file_attributes":{"caption":"","public_domain":"no","image_url":""}},"11.png1347849":{"filename":"11.png","size":1347849,"regions":[{"shape_attributes":{"name":"polygon","all_points_x":[581,579,1620,1620],"all_points_y":[339,1383,1381,339]},"region_attributes":{"name":"not_defined","type":"chess_board","image_quality":{"good":true,"frontal":true,"good_illumination":true}}}],"file_attributes":{"caption":"","public_domain":"no","image_url":""}}}